feature,importance
zipcode,0.10704986348991319
yr_renovated,0.09839064935420624
sqft_lot,0.08908236223261273
sqft_living15,0.08541431730618898
sqft_above,0.08400853606343377
long,0.07641454044325136
sqft_basement,0.0735696355485289
sqft_living,0.07028590200068158
lat,0.06797958582625992
bathrooms,0.06664614658594792
